Code_1,Polarity,Bulkiness,hydropathy,flexibililty,Isoelectric point,Molecular weight
A,-0.08801179789404186,-0.8775833564841424,0.8060040420736275,-0.8675325470637915,-0.031170835074814062,-1.6284416929119303
R,0.8497883318860219,-0.24670887856831625,-1.4113869907053476,1.3135175888641915,2.8014079595419834,1.2706030054125579
N,1.2796133913685508,-0.5780314461068435,-1.0594201601055102,0.41543812112913975,-0.38226778650840865,-0.1628928303308741
D,1.8266634670735882,-0.8367353687054199,-1.0594201601055102,1.056923455225605,-1.9532778742790695,-0.12934104347108652
C,-1.1039619384891106,-0.43279415622694095,1.0523808234935137,-0.9958296138830847,-0.5845948432667513,-0.5363906403994687
Q,0.8497883318860219,-0.20813022344396717,-1.0594201601055102,0.8003293215870186,-0.2394486876201666,0.31490505218915965
E,1.55313842922107,-0.4078314970288328,-1.0594201601055102,0.9286263884063118,-1.685492063863616,0.34845683904894725
G,0.2636632507734821,-2.7157428065266576,0.03167701475398537,1.4418146556834845,-0.04902322243584445,-2.1062395754319643
H,0.8107133264785193,-0.38059950517635127,-0.9538301109255591,-1.3807208143409635,0.9150056950597885,0.6218102294548271
I,-1.2211869547116185,1.3690559713455983,1.7563144846931884,0.41543812112913975,-0.019269243500794158,-0.19504804535182702
L,-1.3384119709341264,1.3690559713455983,1.5099377032733021,-0.7392354802444983,-0.04307242664883396,-0.19504804535182702
K,1.1623883751460433,0.07780569100709113,-1.2002068923454452,0.5437351879484322,2.194426789266956,0.3163697494835465
M,-1.0258119276741051,0.20034965434325863,0.8412007251336113,-1.63731494797955,-0.185891525537076,0.4192051246405998
F,-1.2211869547116185,1.0059627466458427,1.1579708726734648,-1.5090178811602568,-0.34061221599933794,0.9636637654191148
P,-0.12708680330154437,0.46813090755932873,-0.39068318196581947,1.056923455225605,0.1473530385354882,-0.7415163870691516
S,0.3418132615884871,-1.3382578853219578,-0.10910971748594958,1.056923455225605,-0.22159630025913676,-1.0834721112167687
T,0.10736322914347139,0.09142168693333169,-0.0739130344259658,0.15884398749055334,0.06404189751734729,-0.605708291424511
W,-1.143036943896613,1.430327953013683,-0.1443064005459333,-1.5090178811602568,-0.09662958873192512,2.2933364068999773
Y,-0.8304369006365919,0.6042908668217376,-0.2850931327858683,-0.09775014614803304,-0.23349789183315667,1.5086333471142759
V,-0.9476619168590998,1.4076346264699477,1.6507244355132373,-0.4826413466059119,-0.0549740182228544,-0.6728459278718617
-,0.0018607145432144052,-0.0016209518959808468,1.9538083961814076e-17,0.03054692067126015,-0.001416856139763771,-3.892883174481973e-05
